Name,Address,Lat,Lng,Zip Code
Schnucks Lindell,"4171 Lindell Blvd, St. Louis",38.641805,-90.2472562,63108
Schnucks Arsenal,"5055 Arsenal, St. Louis",38.6068029,-90.273927,63139
Straub's,"8282 Forsyth Blvd, Clayton",38.652284,-90.344205,63105
Schnucks Richmond Ctr.,"SCHNUCKS RICHMOND CTR., 6600 Clayton Rd, St. Louis",38.6334297,-90.31466809999999,63117
Schnucks South City,"3430 S Grand Blvd, St. Louis",38.5950102,-90.24251540000002,63118
Schnucks Culinaria,"315 N 9th St, St. Louis",38.6291258,-90.1935814,63101
Whole Foods Market,"4577 W Pine Blvd, St. Louis",38.6419244,-90.26150919999999,63108
Save-A-Lot,"3427 S Jefferson Ave, St. Louis",38.5922536,-90.2260881,63118
ALDI,"702 N Kingshighway Blvd, St. Louis",38.6522255,-90.2619508,63108
"Local Harvest Grocery, LLC","3108 Morganford Rd, St. Louis",38.6041814,-90.2610457,63116
Schnucks University City,"6920 Olive Blvd, St. Louis",38.6632042,-90.3143442,63130
Save-A-Lot,"3645 Page Blvd, St. Louis",38.6468307,-90.22863770000001,63113
Schnucks Loughborough,"1020 Loughborough Ave, St. Louis",38.5565722,-90.2629132,63111
Schnucks Hampton Vlg.,"60 Hampton Village Plaza, St. Louis",38.5917121,-90.2931641,63109
ALDI,"3721 S Grand Blvd, St. Louis",38.5895142,-90.2447999,63118
Save-A-Lot,"5437 Southwest Ave, St. Louis",38.61053709999999,-90.27971199999999,63139
Ruler Foods,"2700 S Grand Blvd, St. Louis",38.6072148,-90.240602,63118
Gustine Market,"3150 Gustine Ave, St. Louis",38.6020065,-90.2495896,63116
Regal Food,"4200 Shaw Blvd, St. Louis",38.616166,-90.2537849,63110
ALDI,"6601 Gravois Ave, St. Louis",38.5729618,-90.2826292,63116
Straub's,"302 Kingshighway Blvd, St. Louis",38.6454536,-90.26436749999999,63108
